"full.name","PA","run","algo","expl.var","rand","var.imp"
"Acacia_PA1_RUN1_RF","PA1","RUN1","RF","bio4",1,0.070438
"Acacia_PA1_RUN1_RF","PA1","RUN1","RF","bio3",1,0.053937
"Acacia_PA1_RUN1_RF","PA1","RUN1","RF","bio2",1,0.027094
"Acacia_PA1_RUN1_RF","PA1","RUN1","RF","pop",1,0.069234
"Acacia_PA1_RUN1_RF","PA1","RUN1","RF","bio6",1,0.017332
"Acacia_PA1_RUN1_RF","PA1","RUN1","RF","bio14",1,0.018191
"Acacia_PA1_RUN1_RF","PA1","RUN1","RF","bio7",1,0.00582199999999999
"Acacia_PA1_RUN1_RF","PA1","RUN1","RF","bio15",1,0.00391399999999997
"Acacia_PA1_RUN1_RF","PA1","RUN1","RF","bio18",1,0.00784099999999999
"Acacia_PA1_RUN1_RF","PA1","RUN1","RF","ndvi",1,0.00822999999999996
"Acacia_PA1_RUN1_RF","PA1","RUN1","RF","bio4",2,0.071284
"Acacia_PA1_RUN1_RF","PA1","RUN1","RF","bio3",2,0.056859
"Acacia_PA1_RUN1_RF","PA1","RUN1","RF","bio2",2,0.026242
"Acacia_PA1_RUN1_RF","PA1","RUN1","RF","pop",2,0.0593939999999999
"Acacia_PA1_RUN1_RF","PA1","RUN1","RF","bio6",2,0.015497
"Acacia_PA1_RUN1_RF","PA1","RUN1","RF","bio14",2,0.015466
"Acacia_PA1_RUN1_RF","PA1","RUN1","RF","bio7",2,0.00567799999999996
"Acacia_PA1_RUN1_RF","PA1","RUN1","RF","bio15",2,0.00318499999999999
"Acacia_PA1_RUN1_RF","PA1","RUN1","RF","bio18",2,0.00793299999999997
"Acacia_PA1_RUN1_RF","PA1","RUN1","RF","ndvi",2,0.010722
"Acacia_PA1_RUN1_RF","PA1","RUN1","RF","bio4",3,0.076591
"Acacia_PA1_RUN1_RF","PA1","RUN1","RF","bio3",3,0.062159
"Acacia_PA1_RUN1_RF","PA1","RUN1","RF","bio2",3,0.020226
"Acacia_PA1_RUN1_RF","PA1","RUN1","RF","pop",3,0.090193
"Acacia_PA1_RUN1_RF","PA1","RUN1","RF","bio6",3,0.015548
"Acacia_PA1_RUN1_RF","PA1","RUN1","RF","bio14",3,0.015019
"Acacia_PA1_RUN1_RF","PA1","RUN1","RF","bio7",3,0.00625100000000001
"Acacia_PA1_RUN1_RF","PA1","RUN1","RF","bio15",3,0.00366299999999997
"Acacia_PA1_RUN1_RF","PA1","RUN1","RF","bio18",3,0.007467
"Acacia_PA1_RUN1_RF","PA1","RUN1","RF","ndvi",3,0.00984200000000002
"Acacia_PA1_RUN1_GBM","PA1","RUN1","GBM","bio4",1,0.214222
"Acacia_PA1_RUN1_GBM","PA1","RUN1","GBM","bio3",1,0.0149319999999999
"Acacia_PA1_RUN1_GBM","PA1","RUN1","GBM","bio2",1,0.063928
"Acacia_PA1_RUN1_GBM","PA1","RUN1","GBM","pop",1,0.175529
"Acacia_PA1_RUN1_GBM","PA1","RUN1","GBM","bio6",1,0.00629100000000005
"Acacia_PA1_RUN1_GBM","PA1","RUN1","GBM","bio14",1,0.00818099999999999
"Acacia_PA1_RUN1_GBM","PA1","RUN1","GBM","bio7",1,0.00119800000000003
"Acacia_PA1_RUN1_GBM","PA1","RUN1","GBM","bio15",1,0.000344000000000011
"Acacia_PA1_RUN1_GBM","PA1","RUN1","GBM","bio18",1,0.00110900000000003
"Acacia_PA1_RUN1_GBM","PA1","RUN1","GBM","ndvi",1,0.00680700000000001
"Acacia_PA1_RUN1_GBM","PA1","RUN1","GBM","bio4",2,0.181584
"Acacia_PA1_RUN1_GBM","PA1","RUN1","GBM","bio3",2,0.017423
"Acacia_PA1_RUN1_GBM","PA1","RUN1","GBM","bio2",2,0.05175
"Acacia_PA1_RUN1_GBM","PA1","RUN1","GBM","pop",2,0.190098
"Acacia_PA1_RUN1_GBM","PA1","RUN1","GBM","bio6",2,0.00694499999999998
"Acacia_PA1_RUN1_GBM","PA1","RUN1","GBM","bio14",2,0.00560700000000003
"Acacia_PA1_RUN1_GBM","PA1","RUN1","GBM","bio7",2,0.00165000000000004
"Acacia_PA1_RUN1_GBM","PA1","RUN1","GBM","bio15",2,0.00028499999999998
"Acacia_PA1_RUN1_GBM","PA1","RUN1","GBM","bio18",2,0.00119999999999998
"Acacia_PA1_RUN1_GBM","PA1","RUN1","GBM","ndvi",2,0.00773699999999999
"Acacia_PA1_RUN1_GBM","PA1","RUN1","GBM","bio4",3,0.197404
"Acacia_PA1_RUN1_GBM","PA1","RUN1","GBM","bio3",3,0.020145
"Acacia_PA1_RUN1_GBM","PA1","RUN1","GBM","bio2",3,0.062219
"Acacia_PA1_RUN1_GBM","PA1","RUN1","GBM","pop",3,0.197206
"Acacia_PA1_RUN1_GBM","PA1","RUN1","GBM","bio6",3,0.00735300000000005
"Acacia_PA1_RUN1_GBM","PA1","RUN1","GBM","bio14",3,0.00660300000000003
"Acacia_PA1_RUN1_GBM","PA1","RUN1","GBM","bio7",3,0.00139900000000004
"Acacia_PA1_RUN1_GBM","PA1","RUN1","GBM","bio15",3,0.000334999999999974
"Acacia_PA1_RUN1_GBM","PA1","RUN1","GBM","bio18",3,0.00114999999999998
"Acacia_PA1_RUN1_GBM","PA1","RUN1","GBM","ndvi",3,0.00450200000000001
"Acacia_PA1_RUN2_RF","PA1","RUN2","RF","bio4",1,0.113306
"Acacia_PA1_RUN2_RF","PA1","RUN2","RF","bio3",1,0.024413
"Acacia_PA1_RUN2_RF","PA1","RUN2","RF","bio2",1,0.051075
"Acacia_PA1_RUN2_RF","PA1","RUN2","RF","pop",1,0.016694
"Acacia_PA1_RUN2_RF","PA1","RUN2","RF","bio6",1,0.025967
"Acacia_PA1_RUN2_RF","PA1","RUN2","RF","bio14",1,0.00722400000000001
"Acacia_PA1_RUN2_RF","PA1","RUN2","RF","bio7",1,0.00976900000000003
"Acacia_PA1_RUN2_RF","PA1","RUN2","RF","bio15",1,0.00776399999999999
"Acacia_PA1_RUN2_RF","PA1","RUN2","RF","bio18",1,0.00939100000000004
"Acacia_PA1_RUN2_RF","PA1","RUN2","RF","ndvi",1,0.00778400000000001
"Acacia_PA1_RUN2_RF","PA1","RUN2","RF","bio4",2,0.137873
"Acacia_PA1_RUN2_RF","PA1","RUN2","RF","bio3",2,0.025046
"Acacia_PA1_RUN2_RF","PA1","RUN2","RF","bio2",2,0.047025
"Acacia_PA1_RUN2_RF","PA1","RUN2","RF","pop",2,0.011437
"Acacia_PA1_RUN2_RF","PA1","RUN2","RF","bio6",2,0.0238080000000001
"Acacia_PA1_RUN2_RF","PA1","RUN2","RF","bio14",2,0.00822100000000003
"Acacia_PA1_RUN2_RF","PA1","RUN2","RF","bio7",2,0.00935600000000003
"Acacia_PA1_RUN2_RF","PA1","RUN2","RF","bio15",2,0.00908600000000004
"Acacia_PA1_RUN2_RF","PA1","RUN2","RF","bio18",2,0.00848599999999999
"Acacia_PA1_RUN2_RF","PA1","RUN2","RF","ndvi",2,0.00596799999999997
"Acacia_PA1_RUN2_RF","PA1","RUN2","RF","bio4",3,0.117571
"Acacia_PA1_RUN2_RF","PA1","RUN2","RF","bio3",3,0.022992
"Acacia_PA1_RUN2_RF","PA1","RUN2","RF","bio2",3,0.052536
"Acacia_PA1_RUN2_RF","PA1","RUN2","RF","pop",3,0.01249
"Acacia_PA1_RUN2_RF","PA1","RUN2","RF","bio6",3,0.025523
"Acacia_PA1_RUN2_RF","PA1","RUN2","RF","bio14",3,0.00782799999999995
"Acacia_PA1_RUN2_RF","PA1","RUN2","RF","bio7",3,0.010328
"Acacia_PA1_RUN2_RF","PA1","RUN2","RF","bio15",3,0.00806200000000001
"Acacia_PA1_RUN2_RF","PA1","RUN2","RF","bio18",3,0.00905400000000001
"Acacia_PA1_RUN2_RF","PA1","RUN2","RF","ndvi",3,0.00509000000000004
"Acacia_PA1_RUN2_GBM","PA1","RUN2","GBM","bio4",1,0.456803
"Acacia_PA1_RUN2_GBM","PA1","RUN2","GBM","bio3",1,0.00808900000000001
"Acacia_PA1_RUN2_GBM","PA1","RUN2","GBM","bio2",1,0.056721
"Acacia_PA1_RUN2_GBM","PA1","RUN2","GBM","pop",1,0.020678
"Acacia_PA1_RUN2_GBM","PA1","RUN2","GBM","bio6",1,0.00703200000000004
"Acacia_PA1_RUN2_GBM","PA1","RUN2","GBM","bio14",1,0.000784000000000007
"Acacia_PA1_RUN2_GBM","PA1","RUN2","GBM","bio7",1,0.00381799999999999
"Acacia_PA1_RUN2_GBM","PA1","RUN2","GBM","bio15",1,0.00107900000000005
"Acacia_PA1_RUN2_GBM","PA1","RUN2","GBM","bio18",1,0.00339699999999998
"Acacia_PA1_RUN2_GBM","PA1","RUN2","GBM","ndvi",1,0.00502899999999995
"Acacia_PA1_RUN2_GBM","PA1","RUN2","GBM","bio4",2,0.410922
"Acacia_PA1_RUN2_GBM","PA1","RUN2","GBM","bio3",2,0.00734599999999996
"Acacia_PA1_RUN2_GBM","PA1","RUN2","GBM","bio2",2,0.054511
"Acacia_PA1_RUN2_GBM","PA1","RUN2","GBM","pop",2,0.022912
"Acacia_PA1_RUN2_GBM","PA1","RUN2","GBM","bio6",2,0.00810299999999997
"Acacia_PA1_RUN2_GBM","PA1","RUN2","GBM","bio14",2,0.000792000000000015
"Acacia_PA1_RUN2_GBM","PA1","RUN2","GBM","bio7",2,0.00392499999999996
"Acacia_PA1_RUN2_GBM","PA1","RUN2","GBM","bio15",2,0.00158800000000003
"Acacia_PA1_RUN2_GBM","PA1","RUN2","GBM","bio18",2,0.00329999999999997
"Acacia_PA1_RUN2_GBM","PA1","RUN2","GBM","ndvi",2,0.00458000000000003
"Acacia_PA1_RUN2_GBM","PA1","RUN2","GBM","bio4",3,0.510498
"Acacia_PA1_RUN2_GBM","PA1","RUN2","GBM","bio3",3,0.00790400000000002
"Acacia_PA1_RUN2_GBM","PA1","RUN2","GBM","bio2",3,0.044702
"Acacia_PA1_RUN2_GBM","PA1","RUN2","GBM","pop",3,0.018231
"Acacia_PA1_RUN2_GBM","PA1","RUN2","GBM","bio6",3,0.00668000000000002
"Acacia_PA1_RUN2_GBM","PA1","RUN2","GBM","bio14",3,0.000829999999999997
"Acacia_PA1_RUN2_GBM","PA1","RUN2","GBM","bio7",3,0.00395900000000005
"Acacia_PA1_RUN2_GBM","PA1","RUN2","GBM","bio15",3,0.00116099999999997
"Acacia_PA1_RUN2_GBM","PA1","RUN2","GBM","bio18",3,0.00367899999999999
"Acacia_PA1_RUN2_GBM","PA1","RUN2","GBM","ndvi",3,0.00507599999999997
"Acacia_PA1_RUN3_RF","PA1","RUN3","RF","bio4",1,0.136521
"Acacia_PA1_RUN3_RF","PA1","RUN3","RF","bio3",1,0.033883
"Acacia_PA1_RUN3_RF","PA1","RUN3","RF","bio2",1,0.029425
"Acacia_PA1_RUN3_RF","PA1","RUN3","RF","pop",1,0.006193
"Acacia_PA1_RUN3_RF","PA1","RUN3","RF","bio6",1,0.016743
"Acacia_PA1_RUN3_RF","PA1","RUN3","RF","bio14",1,0.00801200000000002
"Acacia_PA1_RUN3_RF","PA1","RUN3","RF","bio7",1,0.010379
"Acacia_PA1_RUN3_RF","PA1","RUN3","RF","bio15",1,0.00482300000000002
"Acacia_PA1_RUN3_RF","PA1","RUN3","RF","bio18",1,0.00629999999999997
"Acacia_PA1_RUN3_RF","PA1","RUN3","RF","ndvi",1,0.00962300000000005
"Acacia_PA1_RUN3_RF","PA1","RUN3","RF","bio4",2,0.122176
"Acacia_PA1_RUN3_RF","PA1","RUN3","RF","bio3",2,0.034956
"Acacia_PA1_RUN3_RF","PA1","RUN3","RF","bio2",2,0.031335
"Acacia_PA1_RUN3_RF","PA1","RUN3","RF","pop",2,0.007741
"Acacia_PA1_RUN3_RF","PA1","RUN3","RF","bio6",2,0.020172
"Acacia_PA1_RUN3_RF","PA1","RUN3","RF","bio14",2,0.00944100000000003
"Acacia_PA1_RUN3_RF","PA1","RUN3","RF","bio7",2,0.00917999999999997
"Acacia_PA1_RUN3_RF","PA1","RUN3","RF","bio15",2,0.00516499999999998
"Acacia_PA1_RUN3_RF","PA1","RUN3","RF","bio18",2,0.00614400000000004
"Acacia_PA1_RUN3_RF","PA1","RUN3","RF","ndvi",2,0.008741
"Acacia_PA1_RUN3_RF","PA1","RUN3","RF","bio4",3,0.142076
"Acacia_PA1_RUN3_RF","PA1","RUN3","RF","bio3",3,0.032238
"Acacia_PA1_RUN3_RF","PA1","RUN3","RF","bio2",3,0.0341939999999999
"Acacia_PA1_RUN3_RF","PA1","RUN3","RF","pop",3,0.00875199999999998
"Acacia_PA1_RUN3_RF","PA1","RUN3","RF","bio6",3,0.01816
"Acacia_PA1_RUN3_RF","PA1","RUN3","RF","bio14",3,0.00783100000000003
"Acacia_PA1_RUN3_RF","PA1","RUN3","RF","bio7",3,0.010159
"Acacia_PA1_RUN3_RF","PA1","RUN3","RF","bio15",3,0.00631000000000004
"Acacia_PA1_RUN3_RF","PA1","RUN3","RF","bio18",3,0.00605900000000004
"Acacia_PA1_RUN3_RF","PA1","RUN3","RF","ndvi",3,0.010369
"Acacia_PA1_RUN3_GBM","PA1","RUN3","GBM","bio4",1,0.618435
"Acacia_PA1_RUN3_GBM","PA1","RUN3","GBM","bio3",1,0.0692970000000001
"Acacia_PA1_RUN3_GBM","PA1","RUN3","GBM","bio2",1,0.040812
"Acacia_PA1_RUN3_GBM","PA1","RUN3","GBM","pop",1,0.0139550000000001
"Acacia_PA1_RUN3_GBM","PA1","RUN3","GBM","bio6",1,0.00385500000000005
"Acacia_PA1_RUN3_GBM","PA1","RUN3","GBM","bio14",1,0.000684000000000018
"Acacia_PA1_RUN3_GBM","PA1","RUN3","GBM","bio7",1,0.00152600000000003
"Acacia_PA1_RUN3_GBM","PA1","RUN3","GBM","bio15",1,0.00011899999999998
"Acacia_PA1_RUN3_GBM","PA1","RUN3","GBM","bio18",1,0.00138300000000002
"Acacia_PA1_RUN3_GBM","PA1","RUN3","GBM","ndvi",1,0.00291600000000003
"Acacia_PA1_RUN3_GBM","PA1","RUN3","GBM","bio4",2,0.620113
"Acacia_PA1_RUN3_GBM","PA1","RUN3","GBM","bio3",2,0.06524
"Acacia_PA1_RUN3_GBM","PA1","RUN3","GBM","bio2",2,0.047555
"Acacia_PA1_RUN3_GBM","PA1","RUN3","GBM","pop",2,0.015615
"Acacia_PA1_RUN3_GBM","PA1","RUN3","GBM","bio6",2,0.00374699999999994
"Acacia_PA1_RUN3_GBM","PA1","RUN3","GBM","bio14",2,0.000620999999999983
"Acacia_PA1_RUN3_GBM","PA1","RUN3","GBM","bio7",2,0.00155300000000003
"Acacia_PA1_RUN3_GBM","PA1","RUN3","GBM","bio15",2,0.000109000000000026
"Acacia_PA1_RUN3_GBM","PA1","RUN3","GBM","bio18",2,0.00142200000000003
"Acacia_PA1_RUN3_GBM","PA1","RUN3","GBM","ndvi",2,0.00261800000000001
"Acacia_PA1_RUN3_GBM","PA1","RUN3","GBM","bio4",3,0.691591
"Acacia_PA1_RUN3_GBM","PA1","RUN3","GBM","bio3",3,0.07107
"Acacia_PA1_RUN3_GBM","PA1","RUN3","GBM","bio2",3,0.044003
"Acacia_PA1_RUN3_GBM","PA1","RUN3","GBM","pop",3,0.01928
"Acacia_PA1_RUN3_GBM","PA1","RUN3","GBM","bio6",3,0.00375499999999995
"Acacia_PA1_RUN3_GBM","PA1","RUN3","GBM","bio14",3,0.000882000000000049
"Acacia_PA1_RUN3_GBM","PA1","RUN3","GBM","bio7",3,0.00118700000000005
"Acacia_PA1_RUN3_GBM","PA1","RUN3","GBM","bio15",3,0.000113999999999947
"Acacia_PA1_RUN3_GBM","PA1","RUN3","GBM","bio18",3,0.00143199999999999
"Acacia_PA1_RUN3_GBM","PA1","RUN3","GBM","ndvi",3,0.00262700000000005
"Acacia_PA2_RUN1_RF","PA2","RUN1","RF","bio4",1,0.095211
"Acacia_PA2_RUN1_RF","PA2","RUN1","RF","bio3",1,0.049655
"Acacia_PA2_RUN1_RF","PA2","RUN1","RF","bio2",1,0.038587
"Acacia_PA2_RUN1_RF","PA2","RUN1","RF","pop",1,0.012089
"Acacia_PA2_RUN1_RF","PA2","RUN1","RF","bio6",1,0.016285
"Acacia_PA2_RUN1_RF","PA2","RUN1","RF","bio14",1,0.030484
"Acacia_PA2_RUN1_RF","PA2","RUN1","RF","bio7",1,0.00409899999999996
"Acacia_PA2_RUN1_RF","PA2","RUN1","RF","bio15",1,0.00313600000000003
"Acacia_PA2_RUN1_RF","PA2","RUN1","RF","bio18",1,0.00708399999999998
"Acacia_PA2_RUN1_RF","PA2","RUN1","RF","ndvi",1,0.016602
"Acacia_PA2_RUN1_RF","PA2","RUN1","RF","bio4",2,0.09717
"Acacia_PA2_RUN1_RF","PA2","RUN1","RF","bio3",2,0.043811
"Acacia_PA2_RUN1_RF","PA2","RUN1","RF","bio2",2,0.037083
"Acacia_PA2_RUN1_RF","PA2","RUN1","RF","pop",2,0.01041
"Acacia_PA2_RUN1_RF","PA2","RUN1","RF","bio6",2,0.016317
"Acacia_PA2_RUN1_RF","PA2","RUN1","RF","bio14",2,0.0288659999999999
"Acacia_PA2_RUN1_RF","PA2","RUN1","RF","bio7",2,0.00466599999999995
"Acacia_PA2_RUN1_RF","PA2","RUN1","RF","bio15",2,0.00299199999999999
"Acacia_PA2_RUN1_RF","PA2","RUN1","RF","bio18",2,0.00616899999999998
"Acacia_PA2_RUN1_RF","PA2","RUN1","RF","ndvi",2,0.018095
"Acacia_PA2_RUN1_RF","PA2","RUN1","RF","bio4",3,0.108887
"Acacia_PA2_RUN1_RF","PA2","RUN1","RF","bio3",3,0.040919
"Acacia_PA2_RUN1_RF","PA2","RUN1","RF","bio2",3,0.045313
"Acacia_PA2_RUN1_RF","PA2","RUN1","RF","pop",3,0.0124649999999999
"Acacia_PA2_RUN1_RF","PA2","RUN1","RF","bio6",3,0.014606
"Acacia_PA2_RUN1_RF","PA2","RUN1","RF","bio14",3,0.030803
"Acacia_PA2_RUN1_RF","PA2","RUN1","RF","bio7",3,0.00404499999999997
"Acacia_PA2_RUN1_RF","PA2","RUN1","RF","bio15",3,0.00320100000000001
"Acacia_PA2_RUN1_RF","PA2","RUN1","RF","bio18",3,0.00575099999999995
"Acacia_PA2_RUN1_RF","PA2","RUN1","RF","ndvi",3,0.01328
"Acacia_PA2_RUN1_GBM","PA2","RUN1","GBM","bio4",1,0.136144
"Acacia_PA2_RUN1_GBM","PA2","RUN1","GBM","bio3",1,0.042519
"Acacia_PA2_RUN1_GBM","PA2","RUN1","GBM","bio2",1,0.145323
"Acacia_PA2_RUN1_GBM","PA2","RUN1","GBM","pop",1,0.009413
"Acacia_PA2_RUN1_GBM","PA2","RUN1","GBM","bio6",1,0.00934999999999997
"Acacia_PA2_RUN1_GBM","PA2","RUN1","GBM","bio14",1,0.019156
"Acacia_PA2_RUN1_GBM","PA2","RUN1","GBM","bio7",1,0.000778999999999974
"Acacia_PA2_RUN1_GBM","PA2","RUN1","GBM","bio15",1,0.000472000000000028
"Acacia_PA2_RUN1_GBM","PA2","RUN1","GBM","bio18",1,0.00412000000000001
"Acacia_PA2_RUN1_GBM","PA2","RUN1","GBM","ndvi",1,0.017079
"Acacia_PA2_RUN1_GBM","PA2","RUN1","GBM","bio4",2,0.132748
"Acacia_PA2_RUN1_GBM","PA2","RUN1","GBM","bio3",2,0.033737
"Acacia_PA2_RUN1_GBM","PA2","RUN1","GBM","bio2",2,0.144644
"Acacia_PA2_RUN1_GBM","PA2","RUN1","GBM","pop",2,0.00727699999999998
"Acacia_PA2_RUN1_GBM","PA2","RUN1","GBM","bio6",2,0.00822800000000001
"Acacia_PA2_RUN1_GBM","PA2","RUN1","GBM","bio14",2,0.019744
"Acacia_PA2_RUN1_GBM","PA2","RUN1","GBM","bio7",2,0.000995999999999997
"Acacia_PA2_RUN1_GBM","PA2","RUN1","GBM","bio15",2,0.000604000000000049
"Acacia_PA2_RUN1_GBM","PA2","RUN1","GBM","bio18",2,0.00415500000000002
"Acacia_PA2_RUN1_GBM","PA2","RUN1","GBM","ndvi",2,0.015713
"Acacia_PA2_RUN1_GBM","PA2","RUN1","GBM","bio4",3,0.123205
"Acacia_PA2_RUN1_GBM","PA2","RUN1","GBM","bio3",3,0.026325
"Acacia_PA2_RUN1_GBM","PA2","RUN1","GBM","bio2",3,0.136763
"Acacia_PA2_RUN1_GBM","PA2","RUN1","GBM","pop",3,0.010082
"Acacia_PA2_RUN1_GBM","PA2","RUN1","GBM","bio6",3,0.00849299999999997
"Acacia_PA2_RUN1_GBM","PA2","RUN1","GBM","bio14",3,0.023019
"Acacia_PA2_RUN1_GBM","PA2","RUN1","GBM","bio7",3,0.000811000000000006
"Acacia_PA2_RUN1_GBM","PA2","RUN1","GBM","bio15",3,0.000615000000000032
"Acacia_PA2_RUN1_GBM","PA2","RUN1","GBM","bio18",3,0.004417
"Acacia_PA2_RUN1_GBM","PA2","RUN1","GBM","ndvi",3,0.019626
"Acacia_PA2_RUN2_RF","PA2","RUN2","RF","bio4",1,0.207076
"Acacia_PA2_RUN2_RF","PA2","RUN2","RF","bio3",1,0.028501
"Acacia_PA2_RUN2_RF","PA2","RUN2","RF","bio2",1,0.045275
"Acacia_PA2_RUN2_RF","PA2","RUN2","RF","pop",1,0.011341
"Acacia_PA2_RUN2_RF","PA2","RUN2","RF","bio6",1,0.019627
"Acacia_PA2_RUN2_RF","PA2","RUN2","RF","bio14",1,0.00978999999999997
"Acacia_PA2_RUN2_RF","PA2","RUN2","RF","bio7",1,0.00826800000000005
"Acacia_PA2_RUN2_RF","PA2","RUN2","RF","bio15",1,0.00376500000000002
"Acacia_PA2_RUN2_RF","PA2","RUN2","RF","bio18",1,0.00797599999999998
"Acacia_PA2_RUN2_RF","PA2","RUN2","RF","ndvi",1,0.00885199999999997
"Acacia_PA2_RUN2_RF","PA2","RUN2","RF","bio4",2,0.201277
"Acacia_PA2_RUN2_RF","PA2","RUN2","RF","bio3",2,0.027929
"Acacia_PA2_RUN2_RF","PA2","RUN2","RF","bio2",2,0.047883
"Acacia_PA2_RUN2_RF","PA2","RUN2","RF","pop",2,0.0168
"Acacia_PA2_RUN2_RF","PA2","RUN2","RF","bio6",2,0.019209
"Acacia_PA2_RUN2_RF","PA2","RUN2","RF","bio14",2,0.0102910000000001
"Acacia_PA2_RUN2_RF","PA2","RUN2","RF","bio7",2,0.00624000000000002
"Acacia_PA2_RUN2_RF","PA2","RUN2","RF","bio15",2,0.00339199999999995
"Acacia_PA2_RUN2_RF","PA2","RUN2","RF","bio18",2,0.00700500000000004
"Acacia_PA2_RUN2_RF","PA2","RUN2","RF","ndvi",2,0.00968899999999995
"Acacia_PA2_RUN2_RF","PA2","RUN2","RF","bio4",3,0.247374
"Acacia_PA2_RUN2_RF","PA2","RUN2","RF","bio3",3,0.027248
"Acacia_PA2_RUN2_RF","PA2","RUN2","RF","bio2",3,0.046713
"Acacia_PA2_RUN2_RF","PA2","RUN2","RF","pop",3,0.0125960000000001
"Acacia_PA2_RUN2_RF","PA2","RUN2","RF","bio6",3,0.020158
"Acacia_PA2_RUN2_RF","PA2","RUN2","RF","bio14",3,0.01091
"Acacia_PA2_RUN2_RF","PA2","RUN2","RF","bio7",3,0.00843799999999995
"Acacia_PA2_RUN2_RF","PA2","RUN2","RF","bio15",3,0.00388299999999997
"Acacia_PA2_RUN2_RF","PA2","RUN2","RF","bio18",3,0.00843300000000002
"Acacia_PA2_RUN2_RF","PA2","RUN2","RF","ndvi",3,0.00892700000000002
"Acacia_PA2_RUN2_GBM","PA2","RUN2","GBM","bio4",1,0.400704
"Acacia_PA2_RUN2_GBM","PA2","RUN2","GBM","bio3",1,0.00881399999999999
"Acacia_PA2_RUN2_GBM","PA2","RUN2","GBM","bio2",1,0.045093
"Acacia_PA2_RUN2_GBM","PA2","RUN2","GBM","pop",1,0.025657
"Acacia_PA2_RUN2_GBM","PA2","RUN2","GBM","bio6",1,0.011278
"Acacia_PA2_RUN2_GBM","PA2","RUN2","GBM","bio14",1,0.017485
"Acacia_PA2_RUN2_GBM","PA2","RUN2","GBM","bio7",1,0.00885400000000003
"Acacia_PA2_RUN2_GBM","PA2","RUN2","GBM","bio15",1,0.000893000000000033
"Acacia_PA2_RUN2_GBM","PA2","RUN2","GBM","bio18",1,0.000479000000000007
"Acacia_PA2_RUN2_GBM","PA2","RUN2","GBM","ndvi",1,0.00596099999999999
"Acacia_PA2_RUN2_GBM","PA2","RUN2","GBM","bio4",2,0.270687
"Acacia_PA2_RUN2_GBM","PA2","RUN2","GBM","bio3",2,0.00975499999999996
"Acacia_PA2_RUN2_GBM","PA2","RUN2","GBM","bio2",2,0.0424099999999999
"Acacia_PA2_RUN2_GBM","PA2","RUN2","GBM","pop",2,0.0274799999999999
"Acacia_PA2_RUN2_GBM","PA2","RUN2","GBM","bio6",2,0.00854200000000005
"Acacia_PA2_RUN2_GBM","PA2","RUN2","GBM","bio14",2,0.0131520000000001
"Acacia_PA2_RUN2_GBM","PA2","RUN2","GBM","bio7",2,0.00936099999999995
"Acacia_PA2_RUN2_GBM","PA2","RUN2","GBM","bio15",2,0.00098100000000001
"Acacia_PA2_RUN2_GBM","PA2","RUN2","GBM","bio18",2,0.000503999999999949
"Acacia_PA2_RUN2_GBM","PA2","RUN2","GBM","ndvi",2,0.00701600000000002
"Acacia_PA2_RUN2_GBM","PA2","RUN2","GBM","bio4",3,0.381176
"Acacia_PA2_RUN2_GBM","PA2","RUN2","GBM","bio3",3,0.00884399999999996
"Acacia_PA2_RUN2_GBM","PA2","RUN2","GBM","bio2",3,0.042377
"Acacia_PA2_RUN2_GBM","PA2","RUN2","GBM","pop",3,0.030818
"Acacia_PA2_RUN2_GBM","PA2","RUN2","GBM","bio6",3,0.010226
"Acacia_PA2_RUN2_GBM","PA2","RUN2","GBM","bio14",3,0.012912
"Acacia_PA2_RUN2_GBM","PA2","RUN2","GBM","bio7",3,0.010002
"Acacia_PA2_RUN2_GBM","PA2","RUN2","GBM","bio15",3,0.00113700000000005
"Acacia_PA2_RUN2_GBM","PA2","RUN2","GBM","bio18",3,0.000560000000000005
"Acacia_PA2_RUN2_GBM","PA2","RUN2","GBM","ndvi",3,0.00632200000000005
"Acacia_PA2_RUN3_RF","PA2","RUN3","RF","bio4",1,0.154683
"Acacia_PA2_RUN3_RF","PA2","RUN3","RF","bio3",1,0.040057
"Acacia_PA2_RUN3_RF","PA2","RUN3","RF","bio2",1,0.0465370000000001
"Acacia_PA2_RUN3_RF","PA2","RUN3","RF","pop",1,0.00660000000000005
"Acacia_PA2_RUN3_RF","PA2","RUN3","RF","bio6",1,0.020993
"Acacia_PA2_RUN3_RF","PA2","RUN3","RF","bio14",1,0.0241440000000001
"Acacia_PA2_RUN3_RF","PA2","RUN3","RF","bio7",1,0.00642299999999996
"Acacia_PA2_RUN3_RF","PA2","RUN3","RF","bio15",1,0.00515399999999999
"Acacia_PA2_RUN3_RF","PA2","RUN3","RF","bio18",1,0.00692000000000004
"Acacia_PA2_RUN3_RF","PA2","RUN3","RF","ndvi",1,0.014718
"Acacia_PA2_RUN3_RF","PA2","RUN3","RF","bio4",2,0.131439
"Acacia_PA2_RUN3_RF","PA2","RUN3","RF","bio3",2,0.047476
"Acacia_PA2_RUN3_RF","PA2","RUN3","RF","bio2",2,0.041913
"Acacia_PA2_RUN3_RF","PA2","RUN3","RF","pop",2,0.00553700000000001
"Acacia_PA2_RUN3_RF","PA2","RUN3","RF","bio6",2,0.017079
"Acacia_PA2_RUN3_RF","PA2","RUN3","RF","bio14",2,0.022041
"Acacia_PA2_RUN3_RF","PA2","RUN3","RF","bio7",2,0.00536499999999995
"Acacia_PA2_RUN3_RF","PA2","RUN3","RF","bio15",2,0.00547699999999995
"Acacia_PA2_RUN3_RF","PA2","RUN3","RF","bio18",2,0.010009
"Acacia_PA2_RUN3_RF","PA2","RUN3","RF","ndvi",2,0.018161
"Acacia_PA2_RUN3_RF","PA2","RUN3","RF","bio4",3,0.13635
"Acacia_PA2_RUN3_RF","PA2","RUN3","RF","bio3",3,0.039508
"Acacia_PA2_RUN3_RF","PA2","RUN3","RF","bio2",3,0.04158
"Acacia_PA2_RUN3_RF","PA2","RUN3","RF","pop",3,0.00749699999999998
"Acacia_PA2_RUN3_RF","PA2","RUN3","RF","bio6",3,0.017536
"Acacia_PA2_RUN3_RF","PA2","RUN3","RF","bio14",3,0.023709
"Acacia_PA2_RUN3_RF","PA2","RUN3","RF","bio7",3,0.00544999999999995
"Acacia_PA2_RUN3_RF","PA2","RUN3","RF","bio15",3,0.00597000000000003
"Acacia_PA2_RUN3_RF","PA2","RUN3","RF","bio18",3,0.00671200000000005
"Acacia_PA2_RUN3_RF","PA2","RUN3","RF","ndvi",3,0.016051
"Acacia_PA2_RUN3_GBM","PA2","RUN3","GBM","bio4",1,0.335803
"Acacia_PA2_RUN3_GBM","PA2","RUN3","GBM","bio3",1,0.021912
"Acacia_PA2_RUN3_GBM","PA2","RUN3","GBM","bio2",1,0.049642
"Acacia_PA2_RUN3_GBM","PA2","RUN3","GBM","pop",1,0.00388599999999995
"Acacia_PA2_RUN3_GBM","PA2","RUN3","GBM","bio6",1,0.00930900000000001
"Acacia_PA2_RUN3_GBM","PA2","RUN3","GBM","bio14",1,0.00996900000000001
"Acacia_PA2_RUN3_GBM","PA2","RUN3","GBM","bio7",1,0.00117199999999995
"Acacia_PA2_RUN3_GBM","PA2","RUN3","GBM","bio15",1,0.000222000000000055
"Acacia_PA2_RUN3_GBM","PA2","RUN3","GBM","bio18",1,0.00155300000000003
"Acacia_PA2_RUN3_GBM","PA2","RUN3","GBM","ndvi",1,0.017553
"Acacia_PA2_RUN3_GBM","PA2","RUN3","GBM","bio4",2,0.335636
"Acacia_PA2_RUN3_GBM","PA2","RUN3","GBM","bio3",2,0.017907
"Acacia_PA2_RUN3_GBM","PA2","RUN3","GBM","bio2",2,0.061882
"Acacia_PA2_RUN3_GBM","PA2","RUN3","GBM","pop",2,0.00374300000000005
"Acacia_PA2_RUN3_GBM","PA2","RUN3","GBM","bio6",2,0.00999399999999995
"Acacia_PA2_RUN3_GBM","PA2","RUN3","GBM","bio14",2,0.00760700000000003
"Acacia_PA2_RUN3_GBM","PA2","RUN3","GBM","bio7",2,0.00134199999999995
"Acacia_PA2_RUN3_GBM","PA2","RUN3","GBM","bio15",2,0.000288999999999984
"Acacia_PA2_RUN3_GBM","PA2","RUN3","GBM","bio18",2,0.00126099999999996
"Acacia_PA2_RUN3_GBM","PA2","RUN3","GBM","ndvi",2,0.0180940000000001
"Acacia_PA2_RUN3_GBM","PA2","RUN3","GBM","bio4",3,0.328483
"Acacia_PA2_RUN3_GBM","PA2","RUN3","GBM","bio3",3,0.021801
"Acacia_PA2_RUN3_GBM","PA2","RUN3","GBM","bio2",3,0.064102
"Acacia_PA2_RUN3_GBM","PA2","RUN3","GBM","pop",3,0.00457300000000005
"Acacia_PA2_RUN3_GBM","PA2","RUN3","GBM","bio6",3,0.00930699999999995
"Acacia_PA2_RUN3_GBM","PA2","RUN3","GBM","bio14",3,0.00825799999999999
"Acacia_PA2_RUN3_GBM","PA2","RUN3","GBM","bio7",3,0.00134100000000004
"Acacia_PA2_RUN3_GBM","PA2","RUN3","GBM","bio15",3,0.000205000000000011
"Acacia_PA2_RUN3_GBM","PA2","RUN3","GBM","bio18",3,0.00139
"Acacia_PA2_RUN3_GBM","PA2","RUN3","GBM","ndvi",3,0.015346
"Acacia_PA3_RUN1_RF","PA3","RUN1","RF","bio4",1,0.075267
"Acacia_PA3_RUN1_RF","PA3","RUN1","RF","bio3",1,0.043788
"Acacia_PA3_RUN1_RF","PA3","RUN1","RF","bio2",1,0.012796
"Acacia_PA3_RUN1_RF","PA3","RUN1","RF","pop",1,0.073664
"Acacia_PA3_RUN1_RF","PA3","RUN1","RF","bio6",1,0.01999
"Acacia_PA3_RUN1_RF","PA3","RUN1","RF","bio14",1,0.012393
"Acacia_PA3_RUN1_RF","PA3","RUN1","RF","bio7",1,0.0120170000000001
"Acacia_PA3_RUN1_RF","PA3","RUN1","RF","bio15",1,0.004942
"Acacia_PA3_RUN1_RF","PA3","RUN1","RF","bio18",1,0.00690599999999997
"Acacia_PA3_RUN1_RF","PA3","RUN1","RF","ndvi",1,0.021988
"Acacia_PA3_RUN1_RF","PA3","RUN1","RF","bio4",2,0.087608
"Acacia_PA3_RUN1_RF","PA3","RUN1","RF","bio3",2,0.04889
"Acacia_PA3_RUN1_RF","PA3","RUN1","RF","bio2",2,0.014396
"Acacia_PA3_RUN1_RF","PA3","RUN1","RF","pop",2,0.073729
"Acacia_PA3_RUN1_RF","PA3","RUN1","RF","bio6",2,0.023939
"Acacia_PA3_RUN1_RF","PA3","RUN1","RF","bio14",2,0.016301
"Acacia_PA3_RUN1_RF","PA3","RUN1","RF","bio7",2,0.00970499999999996
"Acacia_PA3_RUN1_RF","PA3","RUN1","RF","bio15",2,0.006104
"Acacia_PA3_RUN1_RF","PA3","RUN1","RF","bio18",2,0.00537900000000002
"Acacia_PA3_RUN1_RF","PA3","RUN1","RF","ndvi",2,0.020868
"Acacia_PA3_RUN1_RF","PA3","RUN1","RF","bio4",3,0.086306
"Acacia_PA3_RUN1_RF","PA3","RUN1","RF","bio3",3,0.050258
"Acacia_PA3_RUN1_RF","PA3","RUN1","RF","bio2",3,0.012541
"Acacia_PA3_RUN1_RF","PA3","RUN1","RF","pop",3,0.068032
"Acacia_PA3_RUN1_RF","PA3","RUN1","RF","bio6",3,0.020532
"Acacia_PA3_RUN1_RF","PA3","RUN1","RF","bio14",3,0.013182
"Acacia_PA3_RUN1_RF","PA3","RUN1","RF","bio7",3,0.00982400000000005
"Acacia_PA3_RUN1_RF","PA3","RUN1","RF","bio15",3,0.005023
"Acacia_PA3_RUN1_RF","PA3","RUN1","RF","bio18",3,0.00634299999999999
"Acacia_PA3_RUN1_RF","PA3","RUN1","RF","ndvi",3,0.018172
"Acacia_PA3_RUN1_GBM","PA3","RUN1","GBM","bio4",1,0.177229
"Acacia_PA3_RUN1_GBM","PA3","RUN1","GBM","bio3",1,0.028678
"Acacia_PA3_RUN1_GBM","PA3","RUN1","GBM","bio2",1,0.00109800000000004
"Acacia_PA3_RUN1_GBM","PA3","RUN1","GBM","pop",1,0.091278
"Acacia_PA3_RUN1_GBM","PA3","RUN1","GBM","bio6",1,0.010701
"Acacia_PA3_RUN1_GBM","PA3","RUN1","GBM","bio14",1,0.011838
"Acacia_PA3_RUN1_GBM","PA3","RUN1","GBM","bio7",1,0.011663
"Acacia_PA3_RUN1_GBM","PA3","RUN1","GBM","bio15",1,0.00290599999999996
"Acacia_PA3_RUN1_GBM","PA3","RUN1","GBM","bio18",1,0.001058
"Acacia_PA3_RUN1_GBM","PA3","RUN1","GBM","ndvi",1,0.023139
"Acacia_PA3_RUN1_GBM","PA3","RUN1","GBM","bio4",2,0.175904
"Acacia_PA3_RUN1_GBM","PA3","RUN1","GBM","bio3",2,0.02381
"Acacia_PA3_RUN1_GBM","PA3","RUN1","GBM","bio2",2,0.000905999999999962
"Acacia_PA3_RUN1_GBM","PA3","RUN1","GBM","pop",2,0.096387
"Acacia_PA3_RUN1_GBM","PA3","RUN1","GBM","bio6",2,0.013912
"Acacia_PA3_RUN1_GBM","PA3","RUN1","GBM","bio14",2,0.011975
"Acacia_PA3_RUN1_GBM","PA3","RUN1","GBM","bio7",2,0.012005
"Acacia_PA3_RUN1_GBM","PA3","RUN1","GBM","bio15",2,0.00300999999999996
"Acacia_PA3_RUN1_GBM","PA3","RUN1","GBM","bio18",2,0.00115399999999999
"Acacia_PA3_RUN1_GBM","PA3","RUN1","GBM","ndvi",2,0.021611
"Acacia_PA3_RUN1_GBM","PA3","RUN1","GBM","bio4",3,0.188412
"Acacia_PA3_RUN1_GBM","PA3","RUN1","GBM","bio3",3,0.026801
"Acacia_PA3_RUN1_GBM","PA3","RUN1","GBM","bio2",3,0.00115399999999999
"Acacia_PA3_RUN1_GBM","PA3","RUN1","GBM","pop",3,0.091829
"Acacia_PA3_RUN1_GBM","PA3","RUN1","GBM","bio6",3,0.010608
"Acacia_PA3_RUN1_GBM","PA3","RUN1","GBM","bio14",3,0.0144030000000001
"Acacia_PA3_RUN1_GBM","PA3","RUN1","GBM","bio7",3,0.010464
"Acacia_PA3_RUN1_GBM","PA3","RUN1","GBM","bio15",3,0.00298100000000001
"Acacia_PA3_RUN1_GBM","PA3","RUN1","GBM","bio18",3,0.00120500000000001
"Acacia_PA3_RUN1_GBM","PA3","RUN1","GBM","ndvi",3,0.021495
"Acacia_PA3_RUN2_RF","PA3","RUN2","RF","bio4",1,0.100949
"Acacia_PA3_RUN2_RF","PA3","RUN2","RF","bio3",1,0.072767
"Acacia_PA3_RUN2_RF","PA3","RUN2","RF","bio2",1,0.02813
"Acacia_PA3_RUN2_RF","PA3","RUN2","RF","pop",1,0.0837329999999999
"Acacia_PA3_RUN2_RF","PA3","RUN2","RF","bio6",1,0.00762300000000005
"Acacia_PA3_RUN2_RF","PA3","RUN2","RF","bio14",1,0.0135189999999999
"Acacia_PA3_RUN2_RF","PA3","RUN2","RF","bio7",1,0.006054
"Acacia_PA3_RUN2_RF","PA3","RUN2","RF","bio15",1,0.00590599999999997
"Acacia_PA3_RUN2_RF","PA3","RUN2","RF","bio18",1,0.00797300000000001
"Acacia_PA3_RUN2_RF","PA3","RUN2","RF","ndvi",1,0.027585
"Acacia_PA3_RUN2_RF","PA3","RUN2","RF","bio4",2,0.112175
"Acacia_PA3_RUN2_RF","PA3","RUN2","RF","bio3",2,0.059694
"Acacia_PA3_RUN2_RF","PA3","RUN2","RF","bio2",2,0.027629
"Acacia_PA3_RUN2_RF","PA3","RUN2","RF","pop",2,0.082291
"Acacia_PA3_RUN2_RF","PA3","RUN2","RF","bio6",2,0.00842100000000001
"Acacia_PA3_RUN2_RF","PA3","RUN2","RF","bio14",2,0.012922
"Acacia_PA3_RUN2_RF","PA3","RUN2","RF","bio7",2,0.00602199999999997
"Acacia_PA3_RUN2_RF","PA3","RUN2","RF","bio15",2,0.00645099999999998
"Acacia_PA3_RUN2_RF","PA3","RUN2","RF","bio18",2,0.00768199999999997
"Acacia_PA3_RUN2_RF","PA3","RUN2","RF","ndvi",2,0.021281
"Acacia_PA3_RUN2_RF","PA3","RUN2","RF","bio4",3,0.100867
"Acacia_PA3_RUN2_RF","PA3","RUN2","RF","bio3",3,0.0602510000000001
"Acacia_PA3_RUN2_RF","PA3","RUN2","RF","bio2",3,0.028922
"Acacia_PA3_RUN2_RF","PA3","RUN2","RF","pop",3,0.087184
"Acacia_PA3_RUN2_RF","PA3","RUN2","RF","bio6",3,0.00851299999999999
"Acacia_PA3_RUN2_RF","PA3","RUN2","RF","bio14",3,0.013107
"Acacia_PA3_RUN2_RF","PA3","RUN2","RF","bio7",3,0.00554900000000003
"Acacia_PA3_RUN2_RF","PA3","RUN2","RF","bio15",3,0.00568500000000005
"Acacia_PA3_RUN2_RF","PA3","RUN2","RF","bio18",3,0.00688
"Acacia_PA3_RUN2_RF","PA3","RUN2","RF","ndvi",3,0.021427
"Acacia_PA3_RUN2_GBM","PA3","RUN2","GBM","bio4",1,0.225941
"Acacia_PA3_RUN2_GBM","PA3","RUN2","GBM","bio3",1,0.028024
"Acacia_PA3_RUN2_GBM","PA3","RUN2","GBM","bio2",1,0.00512000000000001
"Acacia_PA3_RUN2_GBM","PA3","RUN2","GBM","pop",1,0.133179
"Acacia_PA3_RUN2_GBM","PA3","RUN2","GBM","bio6",1,0.00819800000000004
"Acacia_PA3_RUN2_GBM","PA3","RUN2","GBM","bio14",1,0.034899
"Acacia_PA3_RUN2_GBM","PA3","RUN2","GBM","bio7",1,0.00110100000000002
"Acacia_PA3_RUN2_GBM","PA3","RUN2","GBM","bio15",1,0.00432299999999997
"Acacia_PA3_RUN2_GBM","PA3","RUN2","GBM","bio18",1,0.00445799999999996
"Acacia_PA3_RUN2_GBM","PA3","RUN2","GBM","ndvi",1,0.018888
"Acacia_PA3_RUN2_GBM","PA3","RUN2","GBM","bio4",2,0.227891
"Acacia_PA3_RUN2_GBM","PA3","RUN2","GBM","bio3",2,0.022957
"Acacia_PA3_RUN2_GBM","PA3","RUN2","GBM","bio2",2,0.00435799999999997
"Acacia_PA3_RUN2_GBM","PA3","RUN2","GBM","pop",2,0.131904
"Acacia_PA3_RUN2_GBM","PA3","RUN2","GBM","bio6",2,0.00797199999999998
"Acacia_PA3_RUN2_GBM","PA3","RUN2","GBM","bio14",2,0.031321
"Acacia_PA3_RUN2_GBM","PA3","RUN2","GBM","bio7",2,0.00126400000000004
"Acacia_PA3_RUN2_GBM","PA3","RUN2","GBM","bio15",2,0.00420399999999999
"Acacia_PA3_RUN2_GBM","PA3","RUN2","GBM","bio18",2,0.00451800000000002
"Acacia_PA3_RUN2_GBM","PA3","RUN2","GBM","ndvi",2,0.016945
"Acacia_PA3_RUN2_GBM","PA3","RUN2","GBM","bio4",3,0.212537
"Acacia_PA3_RUN2_GBM","PA3","RUN2","GBM","bio3",3,0.022706
"Acacia_PA3_RUN2_GBM","PA3","RUN2","GBM","bio2",3,0.00406899999999999
"Acacia_PA3_RUN2_GBM","PA3","RUN2","GBM","pop",3,0.12522
"Acacia_PA3_RUN2_GBM","PA3","RUN2","GBM","bio6",3,0.00679799999999997
"Acacia_PA3_RUN2_GBM","PA3","RUN2","GBM","bio14",3,0.038209
"Acacia_PA3_RUN2_GBM","PA3","RUN2","GBM","bio7",3,0.00121800000000005
"Acacia_PA3_RUN2_GBM","PA3","RUN2","GBM","bio15",3,0.00346400000000002
"Acacia_PA3_RUN2_GBM","PA3","RUN2","GBM","bio18",3,0.003363
"Acacia_PA3_RUN2_GBM","PA3","RUN2","GBM","ndvi",3,0.017149
"Acacia_PA3_RUN3_RF","PA3","RUN3","RF","bio4",1,0.080295
"Acacia_PA3_RUN3_RF","PA3","RUN3","RF","bio3",1,0.064442
"Acacia_PA3_RUN3_RF","PA3","RUN3","RF","bio2",1,0.025589
"Acacia_PA3_RUN3_RF","PA3","RUN3","RF","pop",1,0.03899
"Acacia_PA3_RUN3_RF","PA3","RUN3","RF","bio6",1,0.013971
"Acacia_PA3_RUN3_RF","PA3","RUN3","RF","bio14",1,0.012163
"Acacia_PA3_RUN3_RF","PA3","RUN3","RF","bio7",1,0.00574300000000005
"Acacia_PA3_RUN3_RF","PA3","RUN3","RF","bio15",1,0.010382
"Acacia_PA3_RUN3_RF","PA3","RUN3","RF","bio18",1,0.00479700000000005
"Acacia_PA3_RUN3_RF","PA3","RUN3","RF","ndvi",1,0.02012
"Acacia_PA3_RUN3_RF","PA3","RUN3","RF","bio4",2,0.096371
"Acacia_PA3_RUN3_RF","PA3","RUN3","RF","bio3",2,0.077528
"Acacia_PA3_RUN3_RF","PA3","RUN3","RF","bio2",2,0.027177
"Acacia_PA3_RUN3_RF","PA3","RUN3","RF","pop",2,0.044018
"Acacia_PA3_RUN3_RF","PA3","RUN3","RF","bio6",2,0.013023
"Acacia_PA3_RUN3_RF","PA3","RUN3","RF","bio14",2,0.00996699999999995
"Acacia_PA3_RUN3_RF","PA3","RUN3","RF","bio7",2,0.006324
"Acacia_PA3_RUN3_RF","PA3","RUN3","RF","bio15",2,0.00887199999999999
"Acacia_PA3_RUN3_RF","PA3","RUN3","RF","bio18",2,0.00393399999999999
"Acacia_PA3_RUN3_RF","PA3","RUN3","RF","ndvi",2,0.019214
"Acacia_PA3_RUN3_RF","PA3","RUN3","RF","bio4",3,0.086738
"Acacia_PA3_RUN3_RF","PA3","RUN3","RF","bio3",3,0.0965780000000001
"Acacia_PA3_RUN3_RF","PA3","RUN3","RF","bio2",3,0.0251209999999999
"Acacia_PA3_RUN3_RF","PA3","RUN3","RF","pop",3,0.043436
"Acacia_PA3_RUN3_RF","PA3","RUN3","RF","bio6",3,0.014297
"Acacia_PA3_RUN3_RF","PA3","RUN3","RF","bio14",3,0.013354
"Acacia_PA3_RUN3_RF","PA3","RUN3","RF","bio7",3,0.00620299999999996
"Acacia_PA3_RUN3_RF","PA3","RUN3","RF","bio15",3,0.010868
"Acacia_PA3_RUN3_RF","PA3","RUN3","RF","bio18",3,0.00497499999999995
"Acacia_PA3_RUN3_RF","PA3","RUN3","RF","ndvi",3,0.015038
"Acacia_PA3_RUN3_GBM","PA3","RUN3","GBM","bio4",1,0.225659
"Acacia_PA3_RUN3_GBM","PA3","RUN3","GBM","bio3",1,0.063536
"Acacia_PA3_RUN3_GBM","PA3","RUN3","GBM","bio2",1,0.00593299999999997
"Acacia_PA3_RUN3_GBM","PA3","RUN3","GBM","pop",1,0.0873699999999999
"Acacia_PA3_RUN3_GBM","PA3","RUN3","GBM","bio6",1,0.00775999999999999
"Acacia_PA3_RUN3_GBM","PA3","RUN3","GBM","bio14",1,0.009436
"Acacia_PA3_RUN3_GBM","PA3","RUN3","GBM","bio7",1,0.00173599999999996
"Acacia_PA3_RUN3_GBM","PA3","RUN3","GBM","bio15",1,0.00138199999999999
"Acacia_PA3_RUN3_GBM","PA3","RUN3","GBM","bio18",1,0.000292999999999988
"Acacia_PA3_RUN3_GBM","PA3","RUN3","GBM","ndvi",1,0.00876399999999999
"Acacia_PA3_RUN3_GBM","PA3","RUN3","GBM","bio4",2,0.17733
"Acacia_PA3_RUN3_GBM","PA3","RUN3","GBM","bio3",2,0.078601
"Acacia_PA3_RUN3_GBM","PA3","RUN3","GBM","bio2",2,0.00753999999999999
"Acacia_PA3_RUN3_GBM","PA3","RUN3","GBM","pop",2,0.082076
"Acacia_PA3_RUN3_GBM","PA3","RUN3","GBM","bio6",2,0.00881600000000005
"Acacia_PA3_RUN3_GBM","PA3","RUN3","GBM","bio14",2,0.0120749999999999
"Acacia_PA3_RUN3_GBM","PA3","RUN3","GBM","bio7",2,0.00119899999999995
"Acacia_PA3_RUN3_GBM","PA3","RUN3","GBM","bio15",2,0.00164500000000001
"Acacia_PA3_RUN3_GBM","PA3","RUN3","GBM","bio18",2,0.000418999999999947
"Acacia_PA3_RUN3_GBM","PA3","RUN3","GBM","ndvi",2,0.010783
"Acacia_PA3_RUN3_GBM","PA3","RUN3","GBM","bio4",3,0.191433
"Acacia_PA3_RUN3_GBM","PA3","RUN3","GBM","bio3",3,0.079151
"Acacia_PA3_RUN3_GBM","PA3","RUN3","GBM","bio2",3,0.00601399999999996
"Acacia_PA3_RUN3_GBM","PA3","RUN3","GBM","pop",3,0.091782
"Acacia_PA3_RUN3_GBM","PA3","RUN3","GBM","bio6",3,0.00779799999999997
"Acacia_PA3_RUN3_GBM","PA3","RUN3","GBM","bio14",3,0.012081
"Acacia_PA3_RUN3_GBM","PA3","RUN3","GBM","bio7",3,0.00146800000000002
"Acacia_PA3_RUN3_GBM","PA3","RUN3","GBM","bio15",3,0.00134999999999996
"Acacia_PA3_RUN3_GBM","PA3","RUN3","GBM","bio18",3,0.000348000000000015
"Acacia_PA3_RUN3_GBM","PA3","RUN3","GBM","ndvi",3,0.00851800000000003
